QS1-2,empty
QS1-4,empty
QS1-6,empty
QS1-8,empty
FU1-2,empty
FU1-4,empty
FU1-6,empty
FU2-2,empty
FU2-4,empty
FU2-6,empty
KT1-A2,empty
KT1-2TA,empty
KT1-4T2,empty
KT1-6T3,empty
KT1-56,empty
KT1-68,empty
KT2-A2,empty
KT2-2T1,empty
KT2-4T2,empty
KT2-6T3,empty
KT2-56,empty
KT2-68,empty
PLC-1L,empty
PLC-Y0,empty
PLC-Y1,empty
PLC-Y2,empty
PLC-Y3,empty
PLC-Y4,empty
PLC-2L,empty
PLC-Y5,empty
PLC-Y6,empty
PLC-Y7,empty
INV-L1,empty
INV-L2,empty
INV-L3,empty
INV-5/DI0,empty
INV-6/DI1,empty
INV-7/DI2,empty
INV-8/DI3,empty
INV-16/DI4,empty
INV-17/DI5,empty
INV-DO0,empty
INV-U2,empty
INV-V2,empty
INV-W2,empty
QS1-1,empty
QS1-3,empty
QS1-5,empty
QS1-7,empty
FU1-1,empty
FU1-3,empty
FU1-5,empty
FU2-1,empty
FU2-3,empty
FU2-5,empty
KT1-A1,empty
KT1-1L1,empty
KT1-3L2,empty
KT1-5L3,empty
KT1-55,empty
KT1-67,empty
KT2-A1,empty
KT2-1L1,empty
KT2-3L2,empty
KT2-5L3,empty
KT2-55,empty
KT2-67,empty
PLC-L,empty
PLC-N,empty
PLC-PE,empty
PLC-L+,empty
PLC-M,empty
PLC-1M,empty
PLC-X0,empty
PLC-X1,empty
PLC-X2,empty
PLC-X3,empty
PLC-X4,empty
PLC-X5,empty
PLC-X6,empty
PLC-X7,empty
KM1-A2,empty
KM1-2T1,empty
KM1-4T2,empty
KM1-6T3,empty
KM1-14,empty
KM1-54,empty
KM1-62,empty
KM1-72,empty
KM1-84,empty
KM2-A2,empty
KM2-2T1,empty
KM2-4T2,empty
KM2-6T3,empty
KM2-14,empty
KM2-54,empty
KM2-62,empty
KM2-72,empty
KM2-84,empty
KM3-A2,empty
KM3-2T1,empty
KM3-4T2,empty
KM3-6T3,empty
KM3-14,empty
KM3-54,empty
KM3-62,empty
KM3-72,empty
KM3-84,empty
FR1-2T1,empty
FR1-4T2,empty
FR1-6T3,empty
FR1-98,empty
FR1-97,empty
FR1-96,empty
FR1-95,empty
FR2-2T1,empty
FR2-4T2,empty
FR2-6T3,empty
FR2-98,empty
FR2-97,empty
FR2-96,empty
FR2-95,empty
XT1-1,empty
XT1-2,empty
XT1-3,empty
XT1-4,empty
XT1-5,empty
XT1-6,empty
XT2-1,empty
KM1-A1,empty
KM1-1L1,empty
KM1-3L2,empty
KM1-5L3,empty
KM1-13,empty
KM1-53,empty
KM1-61,empty
KM1-71,empty
KM1-83,empty
KM2-A1,empty
KM2-1L1,empty
KM2-3L2,empty
KM2-5L3,empty
KM2-13,empty
KM2-53,empty
KM2-61,empty
KM2-71,empty
KM2-83,empty
KM3-A1,empty
KM3-1L1,empty
KM3-3L2,empty
KM3-5L3,empty
KM3-13,empty
KM3-53,empty
KM3-61,empty
KM3-71,empty
KM3-83,empty
FR1-1L1,empty
FR1-3L2,empty
FR1-5L3,empty
FR2-1L1,empty
FR2-3L2,empty
FR2-5L3,empty
SB1-1,empty
SB1-2,empty
SB1-3,empty
SB1-4,empty
SB2-1,empty
SB2-2,empty
SB2-3,empty
SB2-4,empty
SB3-1,empty
SB3-2,empty
SB3-3,empty
SB3-4,empty
HL1-1,empty
HL1-2,empty
HL2-1,empty
HL2-2,empty
HL3-1,empty
HL3-2,empty
